,Z,a,b,M validity range (lower limit),M validity range (upper limit)
0,0.008,-3.6595561603855664,9.928869198398242,-0.0194370023260591,0.07538323947163475
1,0.008,-3.330093397702026,9.904033228061882,0.07538323947163475,0.16577109472149323
2,0.008,-2.8213789705535324,9.81970308057286,0.16577109472149323,0.22815193821571916
3,0.008,-1.6250933766951572,9.546768203674528,0.22815193821571916,0.27676452942611324
4,0.008,-2.7268182600530224,9.851686572574106,0.27676452942611324,0.5331072458587104
5,0.008,-2.5333624169309554,9.748553860852027,0.5331072458587104,0.6902107054111566
6,0.008,-2.2398459158007813,9.545965629557156,0.6902107054111566,0.8245949493792903
7,0.008,-1.9625596657378854,9.317316788222968,0.8245949493792903,0.9377125293824092
